{
  "COVID": {
    "precision": 0.9822134387351779,
    "recall": 0.9152854511970534,
    "f1-score": 0.9475691134413727,
    "support": 543.0
  },
  "Lung_Opacity": {
    "precision": 0.912,
    "recall": 0.88470066518847,
    "f1-score": 0.8981429375351716,
    "support": 902.0
  },
  "Normal": {
    "precision": 0.9171339563862928,
    "recall": 0.9627207325049052,
    "f1-score": 0.9393746011486918,
    "support": 1529.0
  },
  "Viral Pneumonia": {
    "precision": 0.9841269841269841,
    "recall": 0.9253731343283582,
    "f1-score": 0.9538461538461538,
    "support": 201.0
  },
  "accuracy": 0.9300787401574803,
  "macro avg": {
    "precision": 0.9488685948121137,
    "recall": 0.9220199958046967,
    "f1-score": 0.9347332014928476,
    "support": 3175.0
  },
  "weighted avg": {
    "precision": 0.9310466898763362,
    "recall": 0.9300787401574803,
    "f1-score": 0.9299785197904934,
    "support": 3175.0
  }
}